<?xml version="1.0" encoding="UTF-8"?>
<feed xmlns="http://www.w3.org/2005/Atom">
  <id>info:fedora/demo:31</id>
  <title type="text">Data Object (SVG) for Simple Document Demo</title>
  <updated>2008-07-02T05:09:42.015Z</updated>
  <author>
    <name>fedoraAdmin</name>
  </author>
  <category term="Active" scheme="info:fedora/fedora-system:def/model#state"></category>
  <category term="2008-07-02T05:09:42.015Z" scheme="info:fedora/fedora-system:def/model#createdDate"></category>
  <icon>http://www.fedora-commons.org/images/logo_vertical_transparent_200_251.png</icon>
  <entry>
    <id>info:fedora/demo:31/DC</id>
    <title type="text">DC</title>
    <updated>2008-07-02T05:09:43.328Z</updated>
    <link href="info:fedora/demo:31/DC/2008-07-02T05:09:43.328Z" rel="alternate"></link>
    <category term="A" scheme="info:fedora/fedora-system:def/model#state"></category>
    <category term="X" scheme="info:fedora/fedora-system:def/model#controlGroup"></category>
    <category term="true" scheme="info:fedora/fedora-system:def/model#versionable"></category>
  </entry>
  <entry xmlns:thr="http://purl.org/syndication/thread/1.0">
    <id>info:fedora/demo:31/DC/2008-07-02T05:09:43.328Z</id>
    <title type="text">DC1.0</title>
    <updated>2008-07-02T05:09:43.328Z</updated>
    <thr:in-reply-to ref="info:fedora/demo:31/DC"></thr:in-reply-to>
    <category term="http://www.openarchives.org/OAI/2.0/oai_dc/" scheme="info:fedora/fedora-system:def/model#formatURI"></category>
    <category term="Dublin Core Record for this object" scheme="info:fedora/fedora-system:def/model#label"></category>
    <summary type="text">DC1.0</summary>
    <content type="text/xml" src="DC1.0.xml"></content>
  </entry>
  <entry>
    <id>info:fedora/demo:31/DS1</id>
    <title type="text">DS1</title>
    <updated>2008-07-02T05:09:43.328Z</updated>
    <link href="info:fedora/demo:31/DS1/2008-07-02T05:09:43.328Z" rel="alternate"></link>
    <category term="A" scheme="info:fedora/fedora-system:def/model#state"></category>
    <category term="E" scheme="info:fedora/fedora-system:def/model#controlGroup"></category>
    <category term="true" scheme="info:fedora/fedora-system:def/model#versionable"></category>
  </entry>
  <entry xmlns:thr="http://purl.org/syndication/thread/1.0">
    <id>info:fedora/demo:31/DS1/2008-07-02T05:09:43.328Z</id>
    <title type="text">DS1.0</title>
    <updated>2008-07-02T05:09:43.328Z</updated>
    <thr:in-reply-to ref="info:fedora/demo:31/DS1"></thr:in-reply-to>
    <category term="Local copy of batikBatik.svg (control group E)" scheme="info:fedora/fedora-system:def/model#label"></category>
    <summary type="text">DS1.0</summary>
    <content type="image/svg+xml" src="http://local.fedora.server/fedora-demo/simple-document-demo/batikBatik.svg"></content>
  </entry>
  <entry>
    <id>info:fedora/demo:31/DS3</id>
    <title type="text">DS3</title>
    <updated>2017-01-19T09:25:12.706Z</updated>
    <link href="info:fedora/demo:31/DS3/2017-01-19T09:25:12.706Z" rel="alternate"></link>
    <category term="A" scheme="info:fedora/fedora-system:def/model#state"></category>
    <category term="R" scheme="info:fedora/fedora-system:def/model#controlGroup"></category>
    <category term="true" scheme="info:fedora/fedora-system:def/model#versionable"></category>
  </entry>
  <entry xmlns:thr="http://purl.org/syndication/thread/1.0">
    <id>info:fedora/demo:31/DS3/2017-01-19T09:25:12.706Z</id>
    <title type="text">DS3.0</title>
    <updated>2017-01-19T09:25:12.706Z</updated>
    <thr:in-reply-to ref="info:fedora/demo:31/DS3"></thr:in-reply-to>
    <category term="Another local copy of batikBatik.svg (control group R)" scheme="info:fedora/fedora-system:def/model#label"></category>
    <summary type="text">DS3.0</summary>
    <content type="image/svg+xml" src="http://local.fedora.server/fedora-demo/simple-document-demo/batikBatik.svg"></content>
  </entry>
</feed>